{"schemaVersion":"1.0","appDefinitionTemplate":{"id":"/providers/Microsoft.PowerApps/apps/","type":"Microsoft.PowerApps/apps","tags":{"primaryDeviceWidth":"1366","primaryDeviceHeight":"768","sienaVersion":"20200430T052330Z-3.20023.8.0","deviceCapabilities":"","supportsPortrait":"false","supportsLandscape":"true","primaryFormFactor":"Tablet","publisherVersion":"3.20023.8","minimumRequiredApiVersion":"2.2.0","hasComponent":"false","hasUnlockedComponent":"false"},"properties":{"appVersion":"2020-04-30T05:23:30Z","lifeCycleId":"Published","createdByClientVersion":{"major":3,"minor":20023,"build":8,"revision":0,"majorRevision":0,"minorRevision":0},"minClientVersion":{"major":3,"minor":20023,"build":8,"revision":0,"majorRevision":0,"minorRevision":0},"backgroundColor":"rgba(0, 176, 240, 1)","backgroundImageUri":"/6290090812583649040/Ne5abc1b5-d706-4815-8367-32a61ae8f53a-logoSmallFile","displayName":"SpaceInvaders","description":"","commitMessage":"","appUris":{"documentUri":{"value":"/6290090812583649040/Nbca2c710-c639-43f8-afd5-7b11ea96c87d-document.msapp","readonlyValue":"/6290090812583649040/Nbca2c710-c639-43f8-afd5-7b11ea96c87d-document.msapp"},"imageUris":[]},"createdTime":"0001-01-01T00:00:00Z","lastModifiedTime":"0001-01-01T00:00:00Z","sharedGroupsCount":0,"sharedUsersCount":0,"icons":{"smallIconUri":"/6290090812583649040/N5ecf28aa-1a24-46ce-a62a-2423ba1cba4c-small.png","mediumIconUri":"/6290090812583649040/N6faacecc-45f3-499f-8f41-d754a962eba3-medium.png","largeIconUri":"/6290090812583649040/N2371e041-6ce5-476f-a7d0-b442e9a071d8-large.png","wideIconUri":"/6290090812583649040/Nf40ac696-9cca-449c-bfc8-af8e3bde4526-wide.png"},"connectionReferences":{},"databaseReferences":{},"almMode":"Environment","performanceOptimizationEnabled":false,"canConsumeAppPass":true},"isAppComponentLibrary":false,"appType":"ClassicCanvasApp","appComponents":[]}}